{"USA": {"totalbytes": 88597039208277066, "avgmbps": 56001604.013625}, "USA-NC": {"totalbytes": 2518626432631519, "avgmbps": 56472520.094073}, "CHL": {"totalbytes": 2220324605838762, "avgmbps": 35714473.584701}, "USA-OK": {"totalbytes": 923013656055827, "avgmbps": 42943226.104281}, "USA-KY": {"totalbytes": 1033218266013112, "avgmbps": 48584186.254145}, "PRI": {"totalbytes": 199481011813481, "avgmbps": 27886303.500081}, "USA-TN": {"totalbytes": 1535266799758430, "avgmbps": 52008927.233579}, "MNP": {"totalbytes": 3064702960340, "avgmbps": 17136752.196213}, "MKD": {"totalbytes": 98465979283308, "avgmbps": 19322634.527147}, "ABW": {"totalbytes": 6501080654870, "avgmbps": 36106086.476238}, "USA-UT": {"totalbytes": 1092159136564566, "avgmbps": 57810095.775413}, "USA-CO": {"totalbytes": 2044169025638341, "avgmbps": 49480879.310914}, "FJI": {"totalbytes": 1908762746833, "avgmbps": 9717681.5110788}, "USA-SD": {"totalbytes": 196465885556634, "avgmbps": 50542414.208525}, "AUS": {"totalbytes": 7646519197167415, "avgmbps": 26750501.355541}, "LCA": {"totalbytes": 3400336619971, "avgmbps": 21474436.068853}, "ITA": {"totalbytes": 3235842250589005, "avgmbps": 24809568.344148}, "USA-NH": {"totalbytes": 507812779913104, "avgmbps": 61221103.107739}, "NFK": {"totalbytes": 92450410292, "avgmbps": 9503891.1149407}, "UGA": {"totalbytes": 1559227033968, "avgmbps": 6216474.2160003}, "KWT": {"totalbytes": 359295604220311, "avgmbps": 25751984.948269}, "SUR": {"totalbytes": 4056598392368, "avgmbps": 6459435.7876462}, "AND": {"totalbytes": 12796085070072, "avgmbps": 69286660.741148}, "THA": {"totalbytes": 7566883803363843, "avgmbps": 79106107.306897}, "CIV": {"totalbytes": 4939239565325, "avgmbps": 7893518.8023815}, "GGY": {"totalbytes": 21010577042655, "avgmbps": 18725040.319221}, "GLP": {"totalbytes": 9490768564640, "avgmbps": 6444252.7516531}, "BHS": {"totalbytes": 12542502393711, "avgmbps": 20639675.1997}, "DEU": {"totalbytes": 23029125915933540, "avgmbps": 40013858.987938}, "USA-MA": {"totalbytes": 2023460339773685, "avgmbps": 70012399.591992}, "SGP": {"totalbytes": 1792539978384566, "avgmbps": 79637444.850682}, "BHR": {"totalbytes": 65048779130930, "avgmbps": 17639920.522996}, "USA-WI": {"totalbytes": 1536863097595686, "avgmbps": 52164384.212155}, "MLT": {"totalbytes": 88878961070132, "avgmbps": 53497687.193998}, "GRC": {"totalbytes": 862250478723046, "avgmbps": 15786621.185359}, "TKM": {"totalbytes": 3833149199920, "avgmbps": 1270337.4719399}, "USA-AK": {"totalbytes": 256649070450015, "avgmbps": 37998883.718672}, "DJI": {"totalbytes": 1708784670929, "avgmbps": 3373655.577051}, "COK": {"totalbytes": 25912359365, "avgmbps": 5606612.4806471}, "GIB": {"totalbytes": 8130692217175, "avgmbps": 69132821.325797}, "BEN": {"totalbytes": 563133280946, "avgmbps": 1895634.8233215}, "BMU": {"totalbytes": 6953611115677, "avgmbps": 41277018.909263}, "SRB": {"totalbytes": 533321263876265, "avgmbps": 27756489.599955}, "KEN": {"totalbytes": 19988655964802, "avgmbps": 8834559.7035384}, "PSE": {"totalbytes": 27333342614925, "avgmbps": 8854984.2422194}, "NIC": {"totalbytes": 15842201259030, "avgmbps": 9286661.0918108}, "BTN": {"totalbytes": 798964931963, "avgmbps": 5596738.2883701}, "NRU": {"totalbytes": 20513580588, "avgmbps": 1934412.4259083}, "USA-MI": {"totalbytes": 2719174268537488, "avgmbps": 51817439.850804}, "SAU": {"totalbytes": 1167458262479073, "avgmbps": 24595279.683465}, "YEM": {"totalbytes": 366220753163, "avgmbps": 1392098.692667}, "LAO": {"totalbytes": 24754609671487, "avgmbps": 7044874.0325247}, "CUW": {"totalbytes": 5111055237097, "avgmbps": 17902058.401414}, "USA-IN": {"totalbytes": 1648598077803439, "avgmbps": 52612842.996395}, "PYF": {"totalbytes": 7096351009539, "avgmbps": 7258539.5662056}, "USA-AR": {"totalbytes": 566262377383644, "avgmbps": 36338394.259732}, "PNG": {"totalbytes": 503951742298, "avgmbps": 3637134.2362856}, "BLR": {"totalbytes": 1250261969392946, "avgmbps": 22406735.39422}, "USA-MD": {"totalbytes": 1582150345526582, "avgmbps": 60454425.858652}, "USA-WV": {"totalbytes": 386201495405982, "avgmbps": 41117439.888004}, "IOT": {"totalbytes": 207406048652, "avgmbps": 1591138.1021656}, "AGO": {"totalbytes": 5508714516562, "avgmbps": 4176515.4712372}, "TZA": {"totalbytes": 2452889023217, "avgmbps": 7223524.7969483}, "USA-CT": {"totalbytes": 921066683642499, "avgmbps": 59292694.249219}, "URY": {"totalbytes": 351683181383075, "avgmbps": 24804458.317787}, "BIH": {"totalbytes": 159071172162684, "avgmbps": 16607684.461673}, "AFG": {"totalbytes": 15351370734815, "avgmbps": 4941264.4565428}, "CYM": {"totalbytes": 7822779639244, "avgmbps": 22969268.156198}, "NAM": {"totalbytes": 10495015366280, "avgmbps": 4512793.5549345}, "FRO": {"totalbytes": 23080549509240, "avgmbps": 26983697.087487}, "JEY": {"totalbytes": 33494585700692, "avgmbps": 72410412.364998}, "SXM": {"totalbytes": 1330789935646, "avgmbps": 5926722.3113623}, "TCD": {"totalbytes": 115700851662, "avgmbps": 989140.91367664}, "CHN": {"totalbytes": 95003056941617600, "avgmbps": 57187951.383595}, "GTM": {"totalbytes": 69715208954453, "avgmbps": 8140324.0723723}, "GMB": {"totalbytes": 294398635635, "avgmbps": 2894752.1391985}, "USA-MN": {"totalbytes": 1583889275127705, "avgmbps": 52722924.848024}, "DOM": {"totalbytes": 99979908226709, "avgmbps": 11254852.555453}, "PRY": {"totalbytes": 82765126396749, "avgmbps": 20723790.699764}, "KHM": {"totalbytes": 60025650182623, "avgmbps": 12952461.330104}, "SMR": {"totalbytes": 3293783970266, "avgmbps": 40649124.974057}, "BOL": {"totalbytes": 140252665959878, "avgmbps": 12319314.215543}, "MYS": {"totalbytes": 2100066623826459, "avgmbps": 29885722.572723}, "CZE": {"totalbytes": 2953410930171400, "avgmbps": 30423231.853534}, "USA-PA": {"totalbytes": 3215275787986934, "avgmbps": 57352409.250411}, "SPM": {"totalbytes": 2208589279582, "avgmbps": 43995363.306927}, "USA-RI": {"totalbytes": 297491277917831, "avgmbps": 80710626.566155}, "HKG": {"totalbytes": 2058788527336796, "avgmbps": 56522948.596466}, "LSO": {"totalbytes": 649476982043, "avgmbps": 12291015.788758}, "MNE": {"totalbytes": 32122011904305, "avgmbps": 32965920.876192}, "USA-DC": {"totalbytes": 303613306425681, "avgmbps": 70698444.564466}, "FLK": {"totalbytes": 325143982324, "avgmbps": 1712280.4118036}, "VUT": {"totalbytes": 176396354537, "avgmbps": 2002859.3776896}, "ATG": {"totalbytes": 1253640406857, "avgmbps": 8467832.8212547}, "IND": {"totalbytes": 1567493469233514, "avgmbps": 18730453.485133}, "AIA": {"totalbytes": 1240756022270, "avgmbps": 9664557.4160739}, "USA-OR": {"totalbytes": 1644126795224348, "avgmbps": 53189231.634499}, "IRL": {"totalbytes": 907164384042591, "avgmbps": 36674587.533364}, "ALB": {"totalbytes": 47986629019803, "avgmbps": 25184273.020275}, "KAZ": {"totalbytes": 1022347399740289, "avgmbps": 17094072.531567}, "SWZ": {"totalbytes": 273189822058, "avgmbps": 1791841.1208118}, "MRT": {"totalbytes": 418298098739, "avgmbps": 2453697.9196024}, "GBR": {"totalbytes": 18145164249638393, "avgmbps": 36432200.986325}, "LUX": {"totalbytes": 134611627991110, "avgmbps": 54209697.67889}, "OMN": {"totalbytes": 51848047125854, "avgmbps": 16305058.119343}, "UZB": {"totalbytes": 73702248727781, "avgmbps": 8103202.7503597}, "JOR": {"totalbytes": 124425658036881, "avgmbps": 21312585.776}, "BGD": {"totalbytes": 182066928622028, "avgmbps": 12630730.394644}, "SYC": {"totalbytes": 638840727551, "avgmbps": 2773158.6115984}, "MDG": {"totalbytes": 5558659897792, "avgmbps": 10276101.24218}, "MNG": {"totalbytes": 94756233241377, "avgmbps": 18348997.777717}, "EGY": {"totalbytes": 185841156995008, "avgmbps": 9634729.7090883}, "DMA": {"totalbytes": 1126310747103, "avgmbps": 16567081.566525}, "COG": {"totalbytes": 551318339929, "avgmbps": 4247086.970648}, "USA-GA": {"totalbytes": 2408640791542289, "avgmbps": 52663426.531017}, "CHE": {"totalbytes": 1762520381339876, "avgmbps": 63876541.015129}, "GUF": {"totalbytes": 8411369071227, "avgmbps": 8864570.8831699}, "USA-ID": {"totalbytes": 495459259507653, "avgmbps": 35435406.386481},